"हेलो सब, अभी एक पार्टी से उबर रहा हूं, DIY दुकानों के आसपास एक रोमांचक बैंक अवकाश की प्रतीक्षा कर रहा हूं...जीवन इससे बेहतर नहीं हो सकता।निश्चित रूप से"
टर्मिनेटर साल्वेशन... अपने आप से।
"  ...के लिए...नुकसान। मूर्ख...वह, तुम नहीं। आप सप्ताहांत में क्या कर रहे हैं? मैं आपसे मिलना चाहता हूँ!"
  हर बार अद्यतन करते समय मुझे अपना पंजीकरण विवरण क्यों दर्ज करना पड़ता है?
"सोमवार को, इसलिए मैं आपके साथ नहीं रह पाऊंगा! मुझे तुमसे प्यार है"
"  आप बहुत प्यारे हैं..मैं ड्रीम ए लिटिल ड्रीम, दिस किस और डावसन क्रीक जैसी फिल्मों का प्रशंसक हूं, अधिक फिल्में बनाएं!"
  टीजीआईएफ सही है...मुझे लगता है कि कल रात मेरे पैर का अंगूठा टूट गया - मेरे खराब पैर के कारण।
"  ओह, यह जल्द ही होगा, क्या आपके पास कोई योजना है? शनिवार को मेरी एक पार्टी थी"
_लामोंट साल का बहुत छोटा दिखने वाला लड़का
": हम्म्म, गलत लिंक, मेरे ट्वीट पर ध्यान न दें"
AT&T ने सिस्टम को धोखा दिया और अब मेरे पास कोई ग्रीन डे टिकट नहीं है **** आप AT&T!
"ट्रेसी और बर्विक ने मेरे दुखते टूटे हुए दिल को तोड़ दिया, उन्होंने हॉलवे में अपने रास्ते अलग कर लिए।"
"  हाँ, काश वे सभी डबिलन खेल रहे होते"
  मैं एक महिला हूं और महिलाएं सोफ़ा नहीं हिलातीं। वे निर्देशित करते हैं कि सोफे कहाँ जाते हैं
  ब्लॉक पार्टी के लिए जयकार! तुम बम हो! ब्लॉकहेड्स <3 डेव! एनकेओटीबी का समर्थन करने के लिए धन्यवाद!
  26 फरवरी
अंदाज़ा लगाओ? माँ ने आज एक बिल्ली के बच्चे को गोद लिया (11 महीने) उसका नाम कॉर्की है
जन्मदिन मुबारक हो स्निकर्स!!!! ? मुझे आशा है कि आपका दिन अब तक का सबसे अच्छा दिन होगा! चलो खरीदारी करने चलें!!!
  धन्यवाद! मैं 'एस' पर काम कर रहा हूं
"  हाहा यार, मुझे 2 1/2 घंटे का समय लगा कि मैं इसे अपने रेमन नूडल्स और टीवी के बिना कैसे बनाऊंगा। समय"
आज उतना अच्छा महसूस नहीं हो रहा
"http://twitpic.com/4wp8s - मेरे कान में दर्द है, और यह मेरी दवा है। गम"
_बरलैंड एलएमएओ मुझे पता है मुझे पता है
Gnight shar <(` `<)Vega(>` `)>
मेरी ब्रा का अंडरवायर बाहर निकला हुआ है और मेरी बगल में चुभ रहा है
मातृ दिवस की शुभकामना!!!
हाँ मैं हूँ
  मैं मिच को कॉल नहीं कर सकता! मैं स्वीडन से हूँ!
हैप्पी स्टार वार्स डे! काश आप चौथे हो
मैं उस तरबूज़ को खाने के लिए बहुत उत्साहित था जो मैंने दूसरे दिन खरीदा था और वह भयानक था और मीठा नहीं था
मैंने अभी-अभी मार्ले एंड मी देखी...मैं बहुत ज़ोर से रोया!
जब आप शौच के लिए नहीं जा सकते तो अपने हाथ साफ़ करने के लिए स्कूल में जीवाणुरोधी दवा लेकर जाएँ
मैं अब काम छोड़ रहा हूं. यह निर्णय लेने का प्रयास कर रहा हूँ कि क्या मैं दोपहर (यूके समय) की समय सीमा को पूरा करने के लिए रविवार दोपहर या सोमवार सुबह 4 बजे लौटूंगा।
"  हाआओ.. ठीक है, मैं 10:50 बजे कक्षा से बाहर निकलूंगा..मुझे आशा है कि मैं ऐसा कर पाऊंगा"
"ओह, धूप! धूप का एक टुकड़ा! और जब तक मैं काम छोड़ूंगा तब तक यह ख़त्म हो जाएगा और इसकी जगह बारिश ले लेगी। /वेंट"
बिली के साथ स्काइप कॉल लेकिन मेरा वेबकैम काम नहीं कर रहा
बस एक बढ़िया अध्ययन का समय बिताया और उसके बाद आर्टी के साथ स्वादिष्ट जापानी भोजन का आनंद लिया! अब फिर से पढ़ाई के मूड में आने की कोशिश कर रहा हूं
एफएमएल के पास कार न होना नौकरी ढूंढने पर रोक लगा रहा है
"   हाहा, जब से मुझे कुछ समय पहले ट्विटर मिला है, ऐसा लगता है कि बहुत सारे लोग अपना खाता बना रहे हैं"
  मैं डेविड को खाना बनाते देखना चाहता हूँ!!
  हाँ मैं 2
"  सुंदर रास्ता सीखने के बाद आपने शहर जाने की योजना बनाई, लेकिन किसी तरह वहां पहुंच गए?"
"  मैं कुछ खास नहीं करना चाहता, मैं बस तुम्हें और पिल्ला को देखना चाहता हूँ!"
"  हाँ, मुझे उसके फ्रिकेन सेल नंबर की आवश्यकता है, मैंने महीनों तक उसके घर पर कोशिश की और वह बहुत व्यस्त है। मुझे ब्रैडडडडडड की याद आती है"
टॉय स्टोरी 3 के ट्रेलर का प्रीमियर अप के साथ हुआ। मुझे अपना कंप्यूटर वापस चाहिए.
एचपी के साथ फोन पर उह!
और- डैन और जेन द्वारा हाथ से बने -सॉक ब्लॉकर्स... विदेशी लकड़ियों से बने... जिनमें से एक को 'पर्पल हार्ट' कहा जाता है
  200 को तोड़ने के बारे में हाँ!
"  बाहा, दुख की बात है कि मैं नहीं हूं"
  मेरी चैंपियंस लीग पार्टियों के लिए मेरे पास हमेशा ये बहुत बढ़िया होते हैं
