"బాగా, అన్నీ కాదు. అలాంటి వాటికి దూరంగా ఉండండి మరియు అలా చేయని వారితో మిమ్మల్ని చుట్టుముట్టండి. మా అమ్మకు మాతృదినోత్సవ శుభాకాంక్షలు, ట్రెయిజ్!"
_అడెల్ వారు ఇంకా ప్రత్యుత్తరం ఇవ్వలేదు.. వారు ధృవీకరించే వరకు వేచి ఉండండి.. ఒకవేళ ఎవరైనా దీన్ని ఇప్పటికే అనువదించి ఉండవచ్చు..
  అది కఠినమైనది. hubby మోకాలి శస్త్రచికిత్స జరిగింది కానీ అది అతనికి చివరికి సహాయం చేసింది. ఫలితాలు మాకు తెలియజేయండి. మేము అతనిని మా ప్రార్థనలలో ఉంచుతాము
ఊహించిన దాని కంటే చాలా ముందుగానే తిరిగి వెళ్ళవలసి ఉంటుంది. బై బై బే ఏరియా
"విలన్ల నగరాన్ని ప్లే చేస్తున్నాను, నా స్నేహితులు నాతో ఆడాలని కోరుకుంటే....."
"  అవును - మూడు విషయాలు: మంచి హ్యారీకట్, వినే సామర్థ్యం మరియు మిమ్మల్ని మీరు చాలా సీరియస్‌గా తీసుకోకపోవడం"
  రిలే నా ట్విట్టర్‌ని హ్యాక్ చేశాడు! హహహ:]
Big Sad Face Bing iPhoneలో పని చేయదు. ఇది మిమ్మల్ని సాధారణ మొబైల్ లైవ్ శోధనకు తీసుకెళ్తుంది.
"  నాకు అది నచ్చింది. మీరే రికార్డ్ చేశారా? అలా అయితే, మీకు చాలా ఓదార్పు స్వరం ఉంది."
మనిషి నేను చాలా విచారంగా ఉన్న పాఠశాల ముగుస్తుంది కానీ మళ్లీ ఉన్నత పాఠశాల ఉత్తమం కావచ్చు: O
"  నేను వారికి కథ చెప్పినప్పుడు అది చాలా ఉల్లాసంగా ఉందని ప్రజలు భావించారు, ఆపై వారు ఈ రాత్రి నేను ధరించిన చొక్కా చూశారు. రాత్రంతా నవ్వులు."
  నువ్వే అత్యుత్తమం
ఓరి దేవుడా!!! నేను చాలా ఏడ్చాను!!! BGT http://bit.ly/5t5Xz నుండి ఈ అబ్బాయిలను చూడండి
నా దగ్గరి రోజువారీ వ్యాయామం ఫలితాలను చూపడం ప్రారంభించింది.
  స్వాగతం!
"pmarkని కొట్టి, హౌస్‌మేట్స్‌తో నా ఆఖరి భోజనం చేయండి.."
: మీరు ఇంటికి వెళ్లండి మరియు నేను పనికి వెళ్లాలి
CMT.comలో ఓటు వేశారు
"మంచి పార్టీ నుండి ఇంటికి చేరుకున్నాను, ఇంకా అలసిపోలేదు"
ఇప్పుడు నాకు వడదెబ్బ తగిలింది
"నాకు ఉద్యోగం ఉంది, ఇది ఒక మంచి రోజు, ఇది ఉత్తమమైనది కాదు"
నేను ఈ వారాంతంలో #BEAకి వెళ్లాలని కోరుకుంటున్నాను.
"నేను <3 రూపర్ట్ గ్రింట్ ......& బాలుడి గురించి, నేను అతనిని ఇష్టపడతానని అంగీకరించాను, కానీ అతనికి అలా అనిపించడం లేదని ఖచ్చితంగా అనుకుంటున్నాను కాబట్టి అతనికి చెప్పడం విలువైనది కాదు"
  మీ పుస్తకాలను ప్రేమించండి
"సరే, ఈ కంటి వైద్యుడు ఎప్పటికీ తీసుకుంటున్నాడు మరియు నేను ఒక చల్లని గదిలో ఒంటరిగా కూర్చున్నాను...ఏమిటి? ఒక కుదుపు!"
నేను నా ట్వీట్‌లను నెమ్మదిస్తున్నాను.. నేను నా ఫోన్‌ను పోగొట్టుకున్నాను
  నాకు మీ ఫోన్‌కి ధన్యవాదాలు.
  వారు సగ్గుబియ్యముతో ఫోటో ఎందుకు తీసుకుంటారు?! అది చాలా ఫన్నీ
TweetDeck నిజంగా వింతగా వ్యవహరిస్తోంది! హమ్........ మళ్లీ ఇన్‌స్టాల్ చేసి ఉండవచ్చు. హోరిజోన్‌లో అప్‌డేట్ చేయాలా? లేదా ఇది మరొక అడోబ్ మెమరీ లీక్
టిక్కెట్‌లు Ã¯Â¿Â½91 మాత్రమే... ఒక్కొక్కటి... కానీ నేను వెళ్లాలనుకుంటున్నాను
  మదర్స్ డే శుభాకాంక్షలు
  ఈరోజు కూడా ఇక్కడ వేడిగా ఉంటుంది. ఈరోజు ర్యాన్ ప్రీ-కె చివరి రోజు. నేను నమ్మలేకపోతున్నాను! నేను అతనిని కలిగి ఉన్నప్పటి నుండి నేను SAHM అయ్యాను!
వారాంతంలో కలలు కంటున్నాడు... మేల్కొన్నాను!
"ఓహ్, **** నేను. నేను ఇక్కడ త్రాగడానికి ఏమీ లేదని గుర్తించడానికి నేను సూపర్ మార్కెట్ ఆఫ్ డూమ్ నుండి తిరిగి వచ్చాను."
  అవును కానీ మీరు నిద్రపోయే సమయాన్ని కోల్పోయారు
"డి-గ్రూప్ శనివారం నాడు, కొంచెం ఫుట్‌బాల్, ఒక గంట నిద్ర, 3 గంటల సాకర్, బాస్కెట్‌బాల్ TSU మరియు యోగర్ట్‌ల్యాండ్‌తో... లైఫ్స్ గుడ్"
మళ్లీ కొత్త కంప్యూటర్‌ని సెటప్ చేయండి. 15నిమి. నేను నార్టన్ ఘోస్ట్‌ని ప్రేమిస్తున్నాను.
"ఆహ్, మా మమ్మీ నా మంచం కోసం కొత్త షీట్‌లు తెచ్చింది చాలా సౌకర్యంగా ఉంది"
_celeste చివరకు కొంత నిశ్శబ్దంగా నిద్రపోతారు
ఇప్పుడే లేచాను :-| మరియు దాని 12:43 :ఓ నేను చాలా సోమరిగా ఉన్నాను దేవునికి ధన్యవాదాలు ఇది బ్యాంకు సెలవుదినం
చాలా అలసిపోయి ఉంది. కానీ చాంబర్స్ క్లాస్ నిద్రపోవడానికి.
నేను విసర్జించవలసి ఉంటుంది...
"అవును! నేను నా డివిఆర్‌లో 50% నిండిపోయాను, నేను 3 రోజుల క్రితం లాగా 98% వద్ద ఉన్నాను... lol నా దగ్గర డివిఆర్ లేకపోతే నేను ఎప్పటికీ టీవీ చూడనని ప్రమాణం చేస్తున్నాను"
అమ్మలందరికీ ముతాత్ దినోత్సవ శుభాకాంక్షలు!!! మీకు నేను నమస్కరిస్తున్నాను!
హహహ! సరే..
  మీరు స్థానిక ఆర్థిక వ్యవస్థకు మద్దతు ఇవ్వాలి కదా... LOL... మీకు మంచిది మరియు అభినందనలు
  తెలుసుకోవడం మంచిది ధన్యవాదాలు
  నువ్వు ఏమిటి? రోజు రుచి?
ఈ ఉదయం వాతావరణ పరిస్థితులు నన్ను నిరాశపరిచాయి...ఉహ్!...హడా గ్డి నైట్ తో!
ఇప్పుడే కాండ్రే scr విన్నారు మరియు జూన్ 20న మ్యూనిచ్‌లో వారి ప్రత్యక్ష సంగీత కచేరీని వీక్షించడానికి ఆహ్వానం పొందారు
